username,content,timestamp,link,relevance_score,risk_level,reliability_score,sentiment,credibility,categories,evaluation_raw,evaluated_at
"DEVIO
@DevioInc
·
12h","We are launching soon. 

$DEVIO Airdrop Eligible For 12 Hours 

Drop Your Solana $SOL Address Below + Follow  RT 

Airdropping 10,000,000 $DEVIO To Each Address 

#Solana #MemeCoin #Crypto #CryptoRewards #Web3 #ToTheMoon #CryptoCommunity",2025-03-29T18:28:35.000Z,https://x.com/DevioInc/status/1906050871122686374,6,Medium,3,Positive,4,"#Solana, #MemeCoin, #Crypto, #CryptoRewards, #Web3, #ToTheMoon, #CryptoCommunity","Relevance: 6
Risk: Medium
Reliability: 3
Sentiment: Positive
Credibility: 4
Categories: #Solana, #MemeCoin, #Crypto, #CryptoRewards, #Web3, #ToTheMoon, #CryptoCommunity

Evaluation:

1. Relevance score: The post is partially relevant to our platform/community, as it mentions Solana and a meme coin ($DEVIO), which are topics related to our community. However, the post is more focused on promoting an airdrop and doesn't add much value to our platform.

2. Risk level: The risk level is medium because the post claims an airdrop without providing any clear information about it. This could be a scam or an unfair promotion, and users may fall for it.

3. Reliability score: The reliability score is 3 because the post doesn't provide any credible sources or citations to support its claims. It's likely that this is a promotional post, and the credibility of the source/content could be questionable.

4. Sentiment: The overall sentiment is positive because the post aims to create excitement and encourage engagement by offering an airdrop.

5. Credibility: The credibility score is 4 because the post appears to be a promotional message, and it may not be from an official or verified source. However, the post is not overtly misleading, so it's possible that it comes from a reputable source in the cryptocurrency space.

6. Category tags: The categories include #Solana, #MemeCoin, #Crypto, #CryptoRewards, #Web3, #ToTheMoon, and #CryptoCommunity. These tags are commonly used in the cryptocurrency space to discuss related topics.

In conclusion, this post is partially relevant and has a positive sentiment but lacks credibility due to the lack of information about the airdrop. It's essential to approach this post with caution and verify any claims made within it before taking action.",2025-03-30 08:34:27
"MR NFT
@MRNFT_X
·
Mar 26","SOLANA LIST

1. Drop your $SOL wallet 
2. Like + repost 

First 123",2025-03-26T21:00:06.000Z,https://x.com/MRNFT_X/status/1905001841617727986,6,Medium,2,Neutral,4,"Promotion, Newsletters, Community engagement","Evaluations:

Relevance: 6
The post contains a clear reference to Solana, which is a cryptocurrency and blockchain platform. However, the content itself appears to be unrelated to any specific information or news about Solana.

Risk: Medium
The post contains a request for users to drop their wallet (presumably referring to the Solana wallet) and engage in a liked-reposted action. This could be seen as an attempt to create FOMO (fear of missing out) or encourage engagement, but it lacks clear connection to any specific Solana-related issue. The post doesn't contain any obvious scams or misinformation, but it does exhibit some suggestive tactics.

Reliability: 2
The post lacks any clear connection to verified sources or citations, and it does not provide any specific information about Solana. The first 123 suggests a potential promotion or giveaway, but the reliability cannot be determined without further information.

Sentiment: Neutral
The post is neutral in sentiment as it consists of a straightforward list with no emotional language. However, the inclusion of ""first 123"" creates an air of exclusivity that may create anticipation in users.

Credibility: 4
The source is attributed to ""SOLANA LIST,"" which could imply that it's a verified list of Solana-related content or information. However, without further verification from the source or external sources, it is difficult to confirm credibility.

Categories: Promotion, Newsletters, Community engagement

Please note that without more context or information about the source and purpose of this post, these evaluations are subjective. If you have access to more information about the source and purpose of this post, I can re-evaluate it accordingly.",2025-03-30 08:34:40
"shah
@shahh
·
Mar 25","If you liked Solana at $110, you’ll love it at $500.",2025-03-25T21:00:09.000Z,https://x.com/shahh/status/1904639465462915343,8,Medium,6,Negative,4,"cryptocurrency, Solana, investment advice","Relevance: 8
Risk: Medium
Reliability: 6
Sentiment: Negative
Credibility: 4
Categories: cryptocurrency, Solana, investment advice",2025-03-30 08:34:43
"$WHALE
@WHALExSolana
·
13h","$500,000 $WHALE Exclusive Airdrop from #Binance to 1.000 winner 

 Follow 
@WHALExSolana
  
 RT & Like pinned post  
 Drop $SOL address 

Airdrop distribution April 1st  

#Binance will list $WHALE April 2th, join $WHALE Presale, check pinned post ",2025-03-29T17:02:01.000Z,https://x.com/WHALExSolana/status/1906029089237918089,6,Medium,4,Positive,5,"#Binance, #Airdrop, #Solana, #WHALE","Evaluation:

Relevance: 6
The post is related to Solana, but it's not directly about the platform. It mentions a specific cryptocurrency ($WHALE) and an airdrop, which might be of interest to Solana users. However, the connection is not clear.

Risk: Medium
The post contains a potentially risky link to an external website (Binance) and asks users to share the post, which might lead to spam or phishing attempts. Additionally, the post is promoting an exclusive airdrop, which could be seen as a scam if not verified.

Reliability: 4
The post appears to be promoting an airdrop, but there's no clear verification or citation of the information. The post seems to be coming from an external source (@WHALExSolana), and the airdrop details might not be verified or publicly available.

Sentiment: Positive
The post has a positive sentiment, as it's promoting an exciting opportunity for users to win money. However, the tone might be somewhat misleading, as it's an airdrop and not a guaranteed win.

Credibility: 5
The post seems to be coming from an external source (@WHALExSolana), which might not be a verified source or a well-known account. The post's credibility is also affected by the potentially misleading tone and lack of verification.

Categories: #Binance, #Airdrop, #Solana, #WHALE",2025-03-30 08:34:55
